file_path,label,set_type
train\not-good\slice000_006.png,1,train
train\not-good\slice000_008.png,1,train
train\not-good\slice000_010.png,1,train
train\not-good\slice000_012.png,1,train
train\not-good\slice000_013.png,1,train
train\not-good\slice001_000.png,1,train
train\not-good\slice001_001.png,1,train
train\not-good\slice001_002.png,1,train
train\not-good\slice001_005.png,1,train
train\not-good\slice001_006.png,1,train
train\not-good\slice001_007.png,1,train
train\not-good\slice001_008.png,1,train
train\not-good\slice001_009.png,1,train
train\not-good\slice001_011.png,1,train
train\not-good\slice001_012.png,1,train
train\not-good\slice001_013.png,1,train
train\not-good\slice001_015.png,1,train
train\not-good\slice002_000.png,1,train
train\not-good\slice002_001.png,1,train
train\not-good\slice002_003.png,1,train
train\not-good\slice002_005.png,1,train
train\not-good\slice002_006.png,1,train
train\not-good\slice002_007.png,1,train
train\not-good\slice002_008.png,1,train
train\not-good\slice002_011.png,1,train
train\not-good\slice002_012.png,1,train
train\not-good\slice002_013.png,1,train
train\not-good\slice002_014.png,1,train
train\not-good\slice002_015.png,1,train
train\not-good\slice003_000.png,1,train
train\not-good\slice003_001.png,1,train
train\not-good\slice003_002.png,1,train
train\not-good\slice003_004.png,1,train
train\not-good\slice003_005.png,1,train
train\not-good\slice003_006.png,1,train
train\not-good\slice003_007.png,1,train
train\not-good\slice003_008.png,1,train
train\not-good\slice003_009.png,1,train
train\not-good\slice003_010.png,1,train
train\not-good\slice003_011.png,1,train
train\not-good\slice003_012.png,1,train
train\not-good\slice003_013.png,1,train
train\not-good\slice003_014.png,1,train
train\not-good\slice003_015.png,1,train
train\not-good\slice004_000.png,1,train
train\not-good\slice004_001.png,1,train
train\not-good\slice004_003.png,1,train
train\not-good\slice004_005.png,1,train
train\not-good\slice004_006.png,1,train
train\not-good\slice004_007.png,1,train
train\not-good\slice004_008.png,1,train
train\not-good\slice004_010.png,1,train
train\not-good\slice004_011.png,1,train
train\not-good\slice004_013.png,1,train
train\not-good\slice004_014.png,1,train
train\not-good\slice004_015.png,1,train
train\not-good\slice005_000.png,1,train
train\not-good\slice005_001.png,1,train
train\not-good\slice005_002.png,1,train
train\not-good\slice005_004.png,1,train
train\not-good\slice005_007.png,1,train
train\not-good\slice005_008.png,1,train
train\not-good\slice005_013.png,1,train
train\not-good\slice009_000.png,1,train
train\not-good\slice009_001.png,1,train
train\not-good\slice009_003.png,1,train
train\not-good\slice009_004.png,1,train
train\not-good\slice009_005.png,1,train
train\not-good\slice009_007.png,1,train
train\not-good\slice009_008.png,1,train
train\not-good\slice009_009.png,1,train
train\not-good\slice009_010.png,1,train
train\not-good\slice009_011.png,1,train
train\not-good\slice010_000.png,1,train
train\not-good\slice010_001.png,1,train
train\not-good\slice010_002.png,1,train
train\not-good\slice010_003.png,1,train
train\not-good\slice010_004.png,1,train
train\not-good\slice010_006.png,1,train
train\not-good\slice010_007.png,1,train
train\not-good\slice010_009.png,1,train
train\not-good\slice010_010.png,1,train
train\not-good\slice010_011.png,1,train
train\not-good\slice011_003.png,1,train
train\not-good\slice012_001.png,1,train
train\not-good\slice012_002.png,1,train
train\not-good\slice012_003.png,1,train
train\not-good\slice012_004.png,1,train
train\not-good\slice012_005.png,1,train
train\not-good\slice012_006.png,1,train
train\not-good\slice012_007.png,1,train
train\not-good\slice012_010.png,1,train
train\not-good\slice012_011.png,1,train
train\not-good\slice012_014.png,1,train
train\not-good\slice012_015.png,1,train
train\not-good\slice013_000.png,1,train
train\not-good\slice013_001.png,1,train
train\not-good\slice013_002.png,1,train
train\not-good\slice013_003.png,1,train
train\not-good\slice013_004.png,1,train
train\not-good\slice013_005.png,1,train
train\not-good\slice013_006.png,1,train
train\not-good\slice013_007.png,1,train
train\not-good\slice013_009.png,1,train
train\not-good\slice013_010.png,1,train
train\not-good\slice013_011.png,1,train
train\not-good\slice013_013.png,1,train
train\not-good\slice013_015.png,1,train
train\not-good\slice014_000.png,1,train
train\not-good\slice014_001.png,1,train
train\not-good\slice014_002.png,1,train
train\not-good\slice014_003.png,1,train
train\not-good\slice014_004.png,1,train
train\not-good\slice014_005.png,1,train
train\not-good\slice014_007.png,1,train
train\not-good\slice014_008.png,1,train
train\not-good\slice014_010.png,1,train
train\not-good\slice014_011.png,1,train
train\not-good\slice014_012.png,1,train
train\not-good\slice014_013.png,1,train
train\not-good\slice014_014.png,1,train
train\not-good\slice014_015.png,1,train
train\not-good\slice015_001.png,1,train
train\not-good\slice015_004.png,1,train
train\not-good\slice015_006.png,1,train
train\not-good\slice015_008.png,1,train
train\not-good\slice015_009.png,1,train
train\not-good\slice015_010.png,1,train
train\not-good\slice015_013.png,1,train
train\not-good\slice016_001.png,1,train
train\not-good\slice016_002.png,1,train
train\not-good\slice016_003.png,1,train
train\not-good\slice016_004.png,1,train
train\not-good\slice016_005.png,1,train
train\not-good\slice016_006.png,1,train
train\not-good\slice016_007.png,1,train
train\not-good\slice016_008.png,1,train
train\not-good\slice016_009.png,1,train
train\not-good\slice016_010.png,1,train
train\not-good\slice016_013.png,1,train
train\not-good\slice016_014.png,1,train
train\not-good\slice016_015.png,1,train
train\not-good\slice017_003.png,1,train
train\not-good\slice017_005.png,1,train
train\not-good\slice017_006.png,1,train
train\not-good\slice017_007.png,1,train
train\not-good\slice017_009.png,1,train
train\not-good\slice017_011.png,1,train
train\not-good\slice017_012.png,1,train
train\not-good\slice017_015.png,1,train
train\not-good\slice018_001.png,1,train
train\not-good\slice018_002.png,1,train
train\not-good\slice018_013.png,1,train
train\not-good\slice018_014.png,1,train
train\not-good\slice019_000.png,1,train
train\not-good\slice019_001.png,1,train
train\not-good\slice019_002.png,1,train
train\not-good\slice019_003.png,1,train
train\not-good\slice019_004.png,1,train
train\not-good\slice019_006.png,1,train
train\not-good\slice019_007.png,1,train
train\not-good\slice019_008.png,1,train
train\not-good\slice019_013.png,1,train
train\not-good\slice019_014.png,1,train
train\not-good\slice019_015.png,1,train
train\not-good\slice020_000.png,1,train
train\not-good\slice020_001.png,1,train
train\not-good\slice020_002.png,1,train
train\not-good\slice020_003.png,1,train
train\not-good\slice020_004.png,1,train
train\not-good\slice020_005.png,1,train
train\not-good\slice020_006.png,1,train
train\not-good\slice020_007.png,1,train
train\not-good\slice020_009.png,1,train
train\not-good\slice020_010.png,1,train
train\not-good\slice020_011.png,1,train
train\not-good\slice020_013.png,1,train
train\not-good\slice020_014.png,1,train
train\not-good\slice020_015.png,1,train
train\not-good\slice021_011.png,1,train
train\not-good\slice022_011.png,1,train
train\not-good\slice024_006.png,1,train
train\not-good\slice024_007.png,1,train
train\not-good\slice024_008.png,1,train
train\not-good\slice024_012.png,1,train
train\not-good\slice024_013.png,1,train
train\not-good\slice025_009.png,1,train
train\not-good\slice025_010.png,1,train
train\not-good\slice025_011.png,1,train
train\not-good\slice025_012.png,1,train
train\not-good\slice026_015.png,1,train
train\not-good\slice027_001.png,1,train
train\not-good\slice027_002.png,1,train
train\not-good\slice027_004.png,1,train
train\not-good\slice027_006.png,1,train
train\not-good\slice027_007.png,1,train
train\not-good\slice027_008.png,1,train
train\not-good\slice027_009.png,1,train
train\not-good\slice027_010.png,1,train
train\not-good\slice027_011.png,1,train
train\not-good\slice027_012.png,1,train
train\not-good\slice027_013.png,1,train
train\not-good\slice027_014.png,1,train
train\not-good\slice028_002.png,1,train
train\not-good\slice028_003.png,1,train
train\not-good\slice028_004.png,1,train
train\not-good\slice028_005.png,1,train
train\not-good\slice028_006.png,1,train
train\not-good\slice028_007.png,1,train
train\not-good\slice029_001.png,1,train
train\not-good\slice029_002.png,1,train
train\not-good\slice029_003.png,1,train
train\not-good\slice029_004.png,1,train
train\not-good\slice029_005.png,1,train
train\not-good\slice029_007.png,1,train
train\not-good\slice029_010.png,1,train
train\not-good\slice031_003.png,1,train
train\not-good\slice032_000.png,1,train
train\not-good\slice032_005.png,1,train
train\not-good\slice032_006.png,1,train
train\not-good\slice033_000.png,1,train
train\not-good\slice033_001.png,1,train
train\not-good\slice033_009.png,1,train
train\not-good\slice034_000.png,1,train
train\not-good\slice034_001.png,1,train
train\not-good\slice034_002.png,1,train
train\not-good\slice034_003.png,1,train
train\not-good\slice034_004.png,1,train
train\not-good\slice034_005.png,1,train
train\not-good\slice034_006.png,1,train
train\not-good\slice034_007.png,1,train
train\not-good\slice034_008.png,1,train
train\not-good\slice034_010.png,1,train
train\not-good\slice034_011.png,1,train
train\not-good\slice034_012.png,1,train
train\not-good\slice034_013.png,1,train
train\not-good\slice034_014.png,1,train
train\not-good\slice034_015.png,1,train
train\not-good\slice035_003.png,1,train
train\not-good\slice035_004.png,1,train
train\not-good\slice035_006.png,1,train
train\not-good\slice035_007.png,1,train
train\not-good\slice035_008.png,1,train
train\not-good\slice035_009.png,1,train
train\not-good\slice035_010.png,1,train
train\not-good\slice035_011.png,1,train
train\not-good\slice035_012.png,1,train
train\not-good\slice035_013.png,1,train
train\not-good\slice036_000.png,1,train
train\not-good\slice036_001.png,1,train
train\not-good\slice036_002.png,1,train
train\not-good\slice036_003.png,1,train
train\not-good\slice036_004.png,1,train
train\not-good\slice036_005.png,1,train
train\not-good\slice036_006.png,1,train
train\not-good\slice036_007.png,1,train
train\not-good\slice036_008.png,1,train
train\not-good\slice036_009.png,1,train
train\not-good\slice036_010.png,1,train
train\not-good\slice036_012.png,1,train
train\not-good\slice036_013.png,1,train
train\not-good\slice036_014.png,1,train
train\not-good\slice036_015.png,1,train
train\not-good\slice037_005.png,1,train
train\not-good\slice037_007.png,1,train
train\not-good\slice037_008.png,1,train
train\not-good\slice037_009.png,1,train
train\not-good\slice037_010.png,1,train
train\not-good\slice037_011.png,1,train
train\not-good\slice037_012.png,1,train
train\not-good\slice037_013.png,1,train
train\not-good\slice037_014.png,1,train
train\not-good\slice037_015.png,1,train
train\not-good\slice038_004.png,1,train
train\not-good\slice038_005.png,1,train
train\not-good\slice038_006.png,1,train
train\not-good\slice038_007.png,1,train
train\not-good\slice038_008.png,1,train
train\not-good\slice038_009.png,1,train
train\not-good\slice038_010.png,1,train
train\not-good\slice038_011.png,1,train
train\not-good\slice038_012.png,1,train
train\not-good\slice038_013.png,1,train
train\not-good\slice038_014.png,1,train
train\not-good\slice038_015.png,1,train
train\not-good\slice039_008.png,1,train
train\not-good\slice039_012.png,1,train
train\not-good\slice040_004.png,1,train
train\not-good\slice040_012.png,1,train
train\not-good\slice040_013.png,1,train
train\not-good\slice040_015.png,1,train
train\not-good\slice041_000.png,1,train
train\not-good\slice041_001.png,1,train
train\not-good\slice041_003.png,1,train
train\not-good\slice041_004.png,1,train
train\not-good\slice041_005.png,1,train
train\not-good\slice041_007.png,1,train
train\not-good\slice041_008.png,1,train
train\not-good\slice041_009.png,1,train
train\not-good\slice041_010.png,1,train
train\not-good\slice041_011.png,1,train
train\not-good\slice041_012.png,1,train
train\not-good\slice041_013.png,1,train
train\not-good\slice041_014.png,1,train
train\not-good\slice041_015.png,1,train
train\not-good\slice042_000.png,1,train
train\not-good\slice042_001.png,1,train
train\not-good\slice042_002.png,1,train
train\not-good\slice042_004.png,1,train
train\not-good\slice042_005.png,1,train
train\not-good\slice042_006.png,1,train
train\not-good\slice042_007.png,1,train
train\not-good\slice042_008.png,1,train
train\not-good\slice042_009.png,1,train
train\not-good\slice042_010.png,1,train
train\not-good\slice042_011.png,1,train
train\not-good\slice042_012.png,1,train
train\not-good\slice042_013.png,1,train
train\not-good\slice043_000.png,1,train
train\not-good\slice043_001.png,1,train
train\not-good\slice043_002.png,1,train
train\not-good\slice043_003.png,1,train
train\not-good\slice043_005.png,1,train
train\not-good\slice043_006.png,1,train
train\not-good\slice043_007.png,1,train
train\not-good\slice043_008.png,1,train
train\not-good\slice043_009.png,1,train
train\not-good\slice043_010.png,1,train
train\not-good\slice043_011.png,1,train
train\not-good\slice043_012.png,1,train
train\not-good\slice043_014.png,1,train
train\not-good\slice043_015.png,1,train
train\not-good\slice044_000.png,1,train
train\not-good\slice044_001.png,1,train
train\not-good\slice044_002.png,1,train
train\not-good\slice044_003.png,1,train
train\not-good\slice044_005.png,1,train
train\not-good\slice044_006.png,1,train
train\not-good\slice044_007.png,1,train
train\not-good\slice044_008.png,1,train
train\not-good\slice044_009.png,1,train
train\not-good\slice044_010.png,1,train
train\not-good\slice044_011.png,1,train
train\not-good\slice044_013.png,1,train
train\not-good\slice044_015.png,1,train
train\not-good\slice045_000.png,1,train
train\not-good\slice045_001.png,1,train
train\not-good\slice045_002.png,1,train
train\not-good\slice045_004.png,1,train
train\not-good\slice045_005.png,1,train
train\not-good\slice045_006.png,1,train
train\not-good\slice045_007.png,1,train
train\not-good\slice045_008.png,1,train
train\not-good\slice045_009.png,1,train
train\not-good\slice045_010.png,1,train
train\not-good\slice045_012.png,1,train
train\not-good\slice045_013.png,1,train
train\not-good\slice045_015.png,1,train
train\not-good\slice046_004.png,1,train
train\not-good\slice046_006.png,1,train
train\not-good\slice046_007.png,1,train
train\not-good\slice046_008.png,1,train
train\not-good\slice046_009.png,1,train
train\not-good\slice046_011.png,1,train
train\not-good\slice046_012.png,1,train
train\not-good\slice046_013.png,1,train
train\not-good\slice046_014.png,1,train
train\not-good\slice046_015.png,1,train
train\not-good\slice047_000.png,1,train
train\not-good\slice047_001.png,1,train
train\not-good\slice047_002.png,1,train
train\not-good\slice047_003.png,1,train
train\not-good\slice047_004.png,1,train
train\not-good\slice047_007.png,1,train
train\not-good\slice047_008.png,1,train
train\not-good\slice047_009.png,1,train
train\not-good\slice047_011.png,1,train
train\not-good\slice047_012.png,1,train
train\not-good\slice047_013.png,1,train
train\not-good\slice047_014.png,1,train
train\not-good\slice048_000.png,1,train
train\not-good\slice048_003.png,1,train
train\not-good\slice048_004.png,1,train
train\not-good\slice048_005.png,1,train
train\not-good\slice048_006.png,1,train
train\not-good\slice048_008.png,1,train
train\not-good\slice048_009.png,1,train
train\not-good\slice048_010.png,1,train
train\not-good\slice048_013.png,1,train
train\not-good\slice048_014.png,1,train
train\not-good\slice048_015.png,1,train
train\not-good\slice049_000.png,1,train
train\not-good\slice049_001.png,1,train
train\not-good\slice049_003.png,1,train
train\not-good\slice049_004.png,1,train
train\not-good\slice049_005.png,1,train
train\not-good\slice049_006.png,1,train
train\not-good\slice049_007.png,1,train
train\not-good\slice049_010.png,1,train
train\not-good\slice049_011.png,1,train
train\not-good\slice049_012.png,1,train
train\not-good\slice049_013.png,1,train
train\not-good\slice049_014.png,1,train
train\not-good\slice049_015.png,1,train
train\not-good\slice050_000.png,1,train
train\not-good\slice050_001.png,1,train
train\not-good\slice050_002.png,1,train
train\not-good\slice050_003.png,1,train
train\not-good\slice050_005.png,1,train
train\not-good\slice050_006.png,1,train
train\not-good\slice050_007.png,1,train
train\not-good\slice050_008.png,1,train
train\not-good\slice050_009.png,1,train
train\not-good\slice050_011.png,1,train
train\not-good\slice050_013.png,1,train
train\not-good\slice050_014.png,1,train
train\not-good\slice050_015.png,1,train
train\not-good\slice053_000.png,1,train
train\not-good\slice053_001.png,1,train
train\not-good\slice053_002.png,1,train
train\not-good\slice053_003.png,1,train
train\not-good\slice053_004.png,1,train
train\not-good\slice053_005.png,1,train
train\not-good\slice053_006.png,1,train
train\not-good\slice053_010.png,1,train
train\not-good\slice053_011.png,1,train
train\not-good\slice053_015.png,1,train
train\not-good\slice054_000.png,1,train
train\not-good\slice054_001.png,1,train
train\not-good\slice054_002.png,1,train
train\not-good\slice054_004.png,1,train
train\not-good\slice054_005.png,1,train
train\not-good\slice054_006.png,1,train
train\not-good\slice054_007.png,1,train
train\not-good\slice054_008.png,1,train
train\not-good\slice054_009.png,1,train
train\not-good\slice054_013.png,1,train
train\not-good\slice054_014.png,1,train
train\not-good\slice054_015.png,1,train
train\not-good\slice055_008.png,1,train
train\not-good\slice055_010.png,1,train
train\not-good\slice055_015.png,1,train
train\not-good\slice056_000.png,1,train
train\not-good\slice057_004.png,1,train
train\not-good\slice057_005.png,1,train
train\not-good\slice057_006.png,1,train
train\not-good\slice057_008.png,1,train
train\not-good\slice057_009.png,1,train
train\not-good\slice057_010.png,1,train
train\not-good\slice057_011.png,1,train
train\not-good\slice057_012.png,1,train
train\not-good\slice057_014.png,1,train
train\not-good\slice057_015.png,1,train
train\not-good\slice058_000.png,1,train
train\not-good\slice058_005.png,1,train
train\not-good\slice058_006.png,1,train
train\not-good\slice058_007.png,1,train
train\not-good\slice058_008.png,1,train
train\not-good\slice058_013.png,1,train
train\not-good\slice059_000.png,1,train
train\not-good\slice059_002.png,1,train
train\not-good\slice059_004.png,1,train
train\not-good\slice059_005.png,1,train
train\not-good\slice059_006.png,1,train
train\not-good\slice059_007.png,1,train
train\not-good\slice059_009.png,1,train
train\not-good\slice059_010.png,1,train
train\not-good\slice059_011.png,1,train
train\not-good\slice059_012.png,1,train
train\not-good\slice060_000.png,1,train
train\not-good\slice060_008.png,1,train
train\not-good\slice060_009.png,1,train
train\not-good\slice060_011.png,1,train
train\not-good\slice060_012.png,1,train
train\not-good\slice060_013.png,1,train
train\not-good\slice060_014.png,1,train
train\not-good\slice061_000.png,1,train
train\not-good\slice061_001.png,1,train
train\not-good\slice061_005.png,1,train
train\not-good\slice061_008.png,1,train
train\not-good\slice061_009.png,1,train
train\not-good\slice061_012.png,1,train
train\not-good\slice061_013.png,1,train
train\not-good\slice061_014.png,1,train
train\good\slice000_000.png,0,train
train\good\slice000_001.png,0,train
train\good\slice000_003.png,0,train
train\good\slice000_004.png,0,train
train\good\slice000_005.png,0,train
train\good\slice000_007.png,0,train
train\good\slice000_008.png,0,train
train\good\slice000_009.png,0,train
train\good\slice000_011.png,0,train
train\good\slice000_012.png,0,train
train\good\slice000_013.png,0,train
train\good\slice000_014.png,0,train
train\good\slice000_015.png,0,train
train\good\slice001_000.png,0,train
train\good\slice001_001.png,0,train
train\good\slice001_002.png,0,train
train\good\slice001_003.png,0,train
train\good\slice001_004.png,0,train
train\good\slice001_005.png,0,train
train\good\slice001_006.png,0,train
train\good\slice001_007.png,0,train
train\good\slice001_009.png,0,train
train\good\slice001_010.png,0,train
train\good\slice001_011.png,0,train
train\good\slice001_012.png,0,train
train\good\slice001_013.png,0,train
train\good\slice002_000.png,0,train
train\good\slice002_001.png,0,train
train\good\slice002_002.png,0,train
train\good\slice002_003.png,0,train
train\good\slice002_004.png,0,train
train\good\slice002_005.png,0,train
train\good\slice002_006.png,0,train
train\good\slice002_008.png,0,train
train\good\slice002_010.png,0,train
train\good\slice002_011.png,0,train
train\good\slice002_013.png,0,train
train\good\slice002_014.png,0,train
train\good\slice002_015.png,0,train
train\good\slice003_000.png,0,train
train\good\slice003_002.png,0,train
train\good\slice003_003.png,0,train
train\good\slice003_004.png,0,train
train\good\slice003_005.png,0,train
train\good\slice003_009.png,0,train
train\good\slice003_010.png,0,train
train\good\slice003_011.png,0,train
train\good\slice003_013.png,0,train
train\good\slice003_014.png,0,train
train\good\slice004_000.png,0,train
train\good\slice004_002.png,0,train
train\good\slice004_003.png,0,train
train\good\slice004_004.png,0,train
train\good\slice004_007.png,0,train
train\good\slice004_009.png,0,train
train\good\slice004_010.png,0,train
train\good\slice004_011.png,0,train
train\good\slice004_015.png,0,train
train\good\slice005_000.png,0,train
train\good\slice005_002.png,0,train
train\good\slice005_003.png,0,train
train\good\slice005_004.png,0,train
train\good\slice005_005.png,0,train
train\good\slice005_007.png,0,train
train\good\slice005_008.png,0,train
train\good\slice005_009.png,0,train
train\good\slice005_011.png,0,train
train\good\slice005_012.png,0,train
train\good\slice005_013.png,0,train
train\good\slice005_014.png,0,train
train\good\slice005_015.png,0,train
train\good\slice006_000.png,0,train
train\good\slice006_001.png,0,train
train\good\slice006_002.png,0,train
train\good\slice006_003.png,0,train
train\good\slice006_004.png,0,train
train\good\slice006_006.png,0,train
train\good\slice006_007.png,0,train
train\good\slice006_008.png,0,train
train\good\slice006_009.png,0,train
train\good\slice006_010.png,0,train
train\good\slice006_011.png,0,train
train\good\slice006_014.png,0,train
train\good\slice006_015.png,0,train
train\good\slice007_000.png,0,train
train\good\slice007_001.png,0,train
train\good\slice007_002.png,0,train
train\good\slice007_003.png,0,train
train\good\slice007_004.png,0,train
train\good\slice007_005.png,0,train
train\good\slice007_007.png,0,train
train\good\slice007_009.png,0,train
train\good\slice007_010.png,0,train
train\good\slice007_011.png,0,train
train\good\slice007_012.png,0,train
train\good\slice007_013.png,0,train
train\good\slice007_014.png,0,train
train\good\slice007_015.png,0,train
train\good\slice008_000.png,0,train
train\good\slice008_001.png,0,train
train\good\slice008_002.png,0,train
train\good\slice008_006.png,0,train
train\good\slice008_009.png,0,train
train\good\slice008_010.png,0,train
train\good\slice008_011.png,0,train
train\good\slice008_012.png,0,train
train\good\slice008_013.png,0,train
train\good\slice008_014.png,0,train
train\good\slice008_015.png,0,train
train\good\slice009_000.png,0,train
train\good\slice009_002.png,0,train
train\good\slice009_003.png,0,train
train\good\slice009_005.png,0,train
train\good\slice009_006.png,0,train
train\good\slice009_007.png,0,train
train\good\slice009_008.png,0,train
train\good\slice009_009.png,0,train
train\good\slice009_010.png,0,train
train\good\slice009_012.png,0,train
train\good\slice009_013.png,0,train
train\good\slice009_015.png,0,train
train\good\slice010_000.png,0,train
train\good\slice010_001.png,0,train
train\good\slice010_002.png,0,train
train\good\slice010_003.png,0,train
train\good\slice010_006.png,0,train
train\good\slice010_007.png,0,train
train\good\slice010_008.png,0,train
train\good\slice010_009.png,0,train
train\good\slice010_010.png,0,train
train\good\slice010_011.png,0,train
train\good\slice010_012.png,0,train
train\good\slice010_013.png,0,train
train\good\slice010_014.png,0,train
train\good\slice010_015.png,0,train
train\good\slice011_001.png,0,train
train\good\slice011_002.png,0,train
train\good\slice011_003.png,0,train
train\good\slice011_004.png,0,train
train\good\slice011_005.png,0,train
train\good\slice011_007.png,0,train
train\good\slice011_008.png,0,train
train\good\slice011_009.png,0,train
train\good\slice011_010.png,0,train
train\good\slice011_011.png,0,train
train\good\slice011_012.png,0,train
train\good\slice011_013.png,0,train
train\good\slice011_014.png,0,train
train\good\slice011_015.png,0,train
train\good\slice012_001.png,0,train
train\good\slice012_002.png,0,train
train\good\slice012_003.png,0,train
train\good\slice012_004.png,0,train
train\good\slice012_005.png,0,train
train\good\slice012_006.png,0,train
train\good\slice012_008.png,0,train
train\good\slice012_009.png,0,train
train\good\slice012_010.png,0,train
train\good\slice012_011.png,0,train
train\good\slice012_012.png,0,train
train\good\slice012_013.png,0,train
train\good\slice012_014.png,0,train
train\good\slice012_015.png,0,train
train\good\slice013_000.png,0,train
train\good\slice013_001.png,0,train
train\good\slice013_006.png,0,train
train\good\slice013_007.png,0,train
train\good\slice013_008.png,0,train
train\good\slice013_009.png,0,train
train\good\slice013_010.png,0,train
train\good\slice013_011.png,0,train
train\good\slice013_013.png,0,train
train\good\slice013_014.png,0,train
train\good\slice014_000.png,0,train
train\good\slice014_001.png,0,train
train\good\slice014_002.png,0,train
train\good\slice014_004.png,0,train
train\good\slice014_005.png,0,train
train\good\slice014_006.png,0,train
train\good\slice014_008.png,0,train
train\good\slice014_009.png,0,train
train\good\slice014_010.png,0,train
train\good\slice014_012.png,0,train
train\good\slice014_013.png,0,train
train\good\slice014_014.png,0,train
train\good\slice014_015.png,0,train
train\good\slice015_000.png,0,train
train\good\slice015_001.png,0,train
train\good\slice015_002.png,0,train
train\good\slice015_003.png,0,train
train\good\slice015_005.png,0,train
train\good\slice015_006.png,0,train
train\good\slice015_011.png,0,train
train\good\slice015_012.png,0,train
train\good\slice015_013.png,0,train
train\good\slice015_014.png,0,train
train\good\slice015_015.png,0,train
train\good\slice016_002.png,0,train
train\good\slice016_003.png,0,train
train\good\slice016_004.png,0,train
train\good\slice016_005.png,0,train
train\good\slice016_006.png,0,train
train\good\slice016_007.png,0,train
train\good\slice016_009.png,0,train
train\good\slice016_010.png,0,train
train\good\slice016_011.png,0,train
train\good\slice016_012.png,0,train
train\good\slice016_013.png,0,train
train\good\slice016_014.png,0,train
train\good\slice016_015.png,0,train
train\good\slice017_000.png,0,train
train\good\slice017_001.png,0,train
train\good\slice017_002.png,0,train
train\good\slice017_003.png,0,train
train\good\slice017_004.png,0,train
train\good\slice017_006.png,0,train
train\good\slice017_007.png,0,train
train\good\slice017_008.png,0,train
train\good\slice017_010.png,0,train
train\good\slice017_011.png,0,train
train\good\slice017_013.png,0,train
train\good\slice017_015.png,0,train
train\good\slice018_000.png,0,train
train\good\slice018_002.png,0,train
train\good\slice018_003.png,0,train
train\good\slice018_004.png,0,train
train\good\slice018_005.png,0,train
train\good\slice018_007.png,0,train
train\good\slice018_009.png,0,train
train\good\slice018_010.png,0,train
train\good\slice018_011.png,0,train
train\good\slice018_012.png,0,train
train\good\slice018_013.png,0,train
train\good\slice018_015.png,0,train
train\good\slice019_000.png,0,train
train\good\slice019_001.png,0,train
train\good\slice019_002.png,0,train
train\good\slice019_003.png,0,train
train\good\slice019_004.png,0,train
train\good\slice019_005.png,0,train
train\good\slice019_007.png,0,train
train\good\slice019_008.png,0,train
train\good\slice019_009.png,0,train
train\good\slice019_010.png,0,train
train\good\slice019_011.png,0,train
train\good\slice019_012.png,0,train
train\good\slice019_013.png,0,train
train\good\slice019_015.png,0,train
train\good\slice020_002.png,0,train
train\good\slice020_003.png,0,train
train\good\slice020_004.png,0,train
train\good\slice020_005.png,0,train
train\good\slice020_006.png,0,train
train\good\slice020_008.png,0,train
train\good\slice020_009.png,0,train
train\good\slice020_010.png,0,train
train\good\slice020_011.png,0,train
train\good\slice020_012.png,0,train
train\good\slice021_001.png,0,train
train\good\slice021_002.png,0,train
train\good\slice021_003.png,0,train
train\good\slice021_004.png,0,train
train\good\slice021_007.png,0,train
train\good\slice021_008.png,0,train
train\good\slice021_009.png,0,train
train\good\slice021_010.png,0,train
train\good\slice021_011.png,0,train
train\good\slice021_012.png,0,train
train\good\slice021_013.png,0,train
train\good\slice021_014.png,0,train
train\good\slice021_015.png,0,train
train\good\slice022_000.png,0,train
train\good\slice022_005.png,0,train
train\good\slice022_006.png,0,train
train\good\slice022_007.png,0,train
train\good\slice022_010.png,0,train
train\good\slice022_011.png,0,train
train\good\slice022_012.png,0,train
train\good\slice022_013.png,0,train
train\good\slice022_014.png,0,train
train\good\slice022_015.png,0,train
train\good\slice023_000.png,0,train
train\good\slice023_001.png,0,train
train\good\slice023_002.png,0,train
train\good\slice023_003.png,0,train
train\good\slice023_004.png,0,train
train\good\slice023_005.png,0,train
train\good\slice023_006.png,0,train
train\good\slice023_007.png,0,train
train\good\slice023_008.png,0,train
train\good\slice023_009.png,0,train
train\good\slice023_010.png,0,train
train\good\slice023_011.png,0,train
train\good\slice023_012.png,0,train
train\good\slice023_014.png,0,train
train\good\slice023_015.png,0,train
train\good\slice024_000.png,0,train
train\good\slice024_001.png,0,train
train\good\slice024_002.png,0,train
train\good\slice024_003.png,0,train
train\good\slice024_004.png,0,train
train\good\slice024_005.png,0,train
train\good\slice024_006.png,0,train
train\good\slice024_007.png,0,train
train\good\slice024_008.png,0,train
train\good\slice024_009.png,0,train
train\good\slice024_010.png,0,train
train\good\slice024_011.png,0,train
train\good\slice024_013.png,0,train
train\good\slice024_014.png,0,train
train\good\slice024_015.png,0,train
train\good\slice025_000.png,0,train
train\good\slice025_001.png,0,train
train\good\slice025_002.png,0,train
train\good\slice025_003.png,0,train
train\good\slice025_005.png,0,train
train\good\slice025_006.png,0,train
train\good\slice025_007.png,0,train
train\good\slice025_008.png,0,train
train\good\slice025_010.png,0,train
train\good\slice025_011.png,0,train
train\good\slice025_013.png,0,train
train\good\slice025_014.png,0,train
train\good\slice025_015.png,0,train
train\good\slice026_000.png,0,train
train\good\slice026_001.png,0,train
train\good\slice026_002.png,0,train
train\good\slice026_003.png,0,train
train\good\slice026_004.png,0,train
train\good\slice026_005.png,0,train
train\good\slice026_006.png,0,train
train\good\slice026_007.png,0,train
train\good\slice026_008.png,0,train
train\good\slice026_009.png,0,train
train\good\slice026_010.png,0,train
train\good\slice026_011.png,0,train
train\good\slice026_012.png,0,train
train\good\slice026_013.png,0,train
train\good\slice026_014.png,0,train
train\good\slice026_015.png,0,train
train\good\slice027_000.png,0,train
train\good\slice027_001.png,0,train
train\good\slice027_002.png,0,train
train\good\slice027_003.png,0,train
train\good\slice027_004.png,0,train
train\good\slice027_005.png,0,train
train\good\slice027_006.png,0,train
train\good\slice027_008.png,0,train
train\good\slice027_009.png,0,train
train\good\slice027_010.png,0,train
train\good\slice027_011.png,0,train
train\good\slice027_012.png,0,train
train\good\slice027_013.png,0,train
train\good\slice027_014.png,0,train
train\good\slice027_015.png,0,train
train\good\slice028_000.png,0,train
train\good\slice028_001.png,0,train
train\good\slice028_002.png,0,train
train\good\slice028_004.png,0,train
train\good\slice028_005.png,0,train
train\good\slice028_006.png,0,train
train\good\slice028_007.png,0,train
train\good\slice028_008.png,0,train
train\good\slice028_009.png,0,train
train\good\slice028_010.png,0,train
train\good\slice028_011.png,0,train
train\good\slice028_012.png,0,train
train\good\slice028_013.png,0,train
train\good\slice028_014.png,0,train
train\good\slice028_015.png,0,train
train\good\slice029_000.png,0,train
train\good\slice029_001.png,0,train
train\good\slice029_002.png,0,train
train\good\slice029_003.png,0,train
train\good\slice029_005.png,0,train
train\good\slice029_006.png,0,train
train\good\slice029_007.png,0,train
train\good\slice029_008.png,0,train
train\good\slice029_009.png,0,train
train\good\slice029_010.png,0,train
train\good\slice029_011.png,0,train
train\good\slice029_012.png,0,train
train\good\slice029_014.png,0,train
train\good\slice029_015.png,0,train
train\good\slice030_000.png,0,train
train\good\slice030_002.png,0,train
train\good\slice030_003.png,0,train
train\good\slice030_004.png,0,train
train\good\slice030_005.png,0,train
train\good\slice030_006.png,0,train
train\good\slice030_007.png,0,train
train\good\slice030_008.png,0,train
train\good\slice030_009.png,0,train
train\good\slice030_011.png,0,train
train\good\slice030_012.png,0,train
train\good\slice030_013.png,0,train
train\good\slice030_014.png,0,train
train\good\slice030_015.png,0,train
train\good\slice031_000.png,0,train
train\good\slice031_001.png,0,train
train\good\slice031_002.png,0,train
train\good\slice031_004.png,0,train
train\good\slice031_006.png,0,train
train\good\slice031_007.png,0,train
train\good\slice031_008.png,0,train
train\good\slice031_009.png,0,train
train\good\slice031_011.png,0,train
train\good\slice031_012.png,0,train
train\good\slice031_013.png,0,train
train\good\slice031_014.png,0,train
train\good\slice031_015.png,0,train
train\good\slice032_001.png,0,train
train\good\slice032_002.png,0,train
train\good\slice032_003.png,0,train
train\good\slice032_004.png,0,train
train\good\slice032_006.png,0,train
train\good\slice032_007.png,0,train
train\good\slice032_008.png,0,train
train\good\slice032_009.png,0,train
train\good\slice032_010.png,0,train
train\good\slice032_012.png,0,train
train\good\slice032_013.png,0,train
train\good\slice032_015.png,0,train
train\good\slice033_001.png,0,train
train\good\slice033_002.png,0,train
train\good\slice033_003.png,0,train
train\good\slice033_004.png,0,train
train\good\slice033_005.png,0,train
train\good\slice033_006.png,0,train
train\good\slice033_008.png,0,train
train\good\slice033_009.png,0,train
train\good\slice033_010.png,0,train
train\good\slice033_011.png,0,train
train\good\slice033_012.png,0,train
train\good\slice033_013.png,0,train
train\good\slice033_014.png,0,train
train\good\slice033_015.png,0,train
train\good\slice034_000.png,0,train
train\good\slice034_002.png,0,train
train\good\slice034_003.png,0,train
train\good\slice034_004.png,0,train
train\good\slice034_005.png,0,train
train\good\slice034_006.png,0,train
train\good\slice034_007.png,0,train
train\good\slice034_008.png,0,train
train\good\slice034_009.png,0,train
train\good\slice034_010.png,0,train
train\good\slice034_011.png,0,train
train\good\slice034_012.png,0,train
train\good\slice034_013.png,0,train
train\good\slice034_014.png,0,train
train\good\slice034_015.png,0,train
train\good\slice035_000.png,0,train
train\good\slice035_001.png,0,train
train\good\slice035_002.png,0,train
train\good\slice035_003.png,0,train
train\good\slice035_004.png,0,train
train\good\slice035_005.png,0,train
train\good\slice035_006.png,0,train
train\good\slice035_009.png,0,train
train\good\slice035_010.png,0,train
train\good\slice035_011.png,0,train
train\good\slice035_012.png,0,train
train\good\slice035_013.png,0,train
train\good\slice035_015.png,0,train
train\good\slice036_000.png,0,train
train\good\slice036_001.png,0,train
train\good\slice036_002.png,0,train
train\good\slice036_003.png,0,train
train\good\slice036_004.png,0,train
train\good\slice036_005.png,0,train
train\good\slice036_006.png,0,train
train\good\slice036_007.png,0,train
train\good\slice036_008.png,0,train
train\good\slice036_010.png,0,train
train\good\slice036_011.png,0,train
train\good\slice036_012.png,0,train
train\good\slice036_013.png,0,train
train\good\slice036_014.png,0,train
train\good\slice036_015.png,0,train
train\good\slice037_000.png,0,train
train\good\slice037_003.png,0,train
train\good\slice037_004.png,0,train
train\good\slice037_005.png,0,train
train\good\slice037_006.png,0,train
train\good\slice037_007.png,0,train
train\good\slice037_008.png,0,train
train\good\slice037_009.png,0,train
train\good\slice037_010.png,0,train
train\good\slice037_011.png,0,train
train\good\slice037_014.png,0,train
train\good\slice037_015.png,0,train
train\good\slice038_000.png,0,train
train\good\slice038_001.png,0,train
train\good\slice038_003.png,0,train
train\good\slice038_004.png,0,train
train\good\slice038_005.png,0,train
train\good\slice038_006.png,0,train
train\good\slice038_009.png,0,train
train\good\slice038_011.png,0,train
train\good\slice038_012.png,0,train
train\good\slice038_013.png,0,train
train\good\slice038_014.png,0,train
train\good\slice039_000.png,0,train
train\good\slice039_001.png,0,train
train\good\slice039_002.png,0,train
train\good\slice039_003.png,0,train
train\good\slice039_004.png,0,train
train\good\slice039_005.png,0,train
train\good\slice039_007.png,0,train
train\good\slice039_008.png,0,train
train\good\slice039_009.png,0,train
train\good\slice039_010.png,0,train
train\good\slice039_011.png,0,train
train\good\slice039_012.png,0,train
train\good\slice039_013.png,0,train
train\good\slice040_000.png,0,train
train\good\slice040_001.png,0,train
train\good\slice040_002.png,0,train
train\good\slice040_003.png,0,train
train\good\slice040_005.png,0,train
train\good\slice040_006.png,0,train
train\good\slice040_007.png,0,train
train\good\slice040_009.png,0,train
train\good\slice040_011.png,0,train
train\good\slice040_012.png,0,train
train\good\slice041_001.png,0,train
train\good\slice041_002.png,0,train
train\good\slice041_003.png,0,train
train\good\slice041_005.png,0,train
train\good\slice041_006.png,0,train
train\good\slice041_007.png,0,train
train\good\slice041_008.png,0,train
train\good\slice041_009.png,0,train
train\good\slice041_010.png,0,train
train\good\slice041_011.png,0,train
train\good\slice041_012.png,0,train
train\good\slice041_015.png,0,train
train\good\slice042_000.png,0,train
train\good\slice042_001.png,0,train
train\good\slice042_004.png,0,train
train\good\slice042_005.png,0,train
train\good\slice042_006.png,0,train
train\good\slice042_007.png,0,train
train\good\slice042_008.png,0,train
train\good\slice042_009.png,0,train
train\good\slice042_010.png,0,train
train\good\slice042_013.png,0,train
train\good\slice042_014.png,0,train
train\good\slice042_015.png,0,train
test\not-good\slice000_009.png,1,test
test\not-good\slice000_014.png,1,test
test\not-good\slice001_003.png,1,test
test\not-good\slice001_004.png,1,test
test\not-good\slice002_004.png,1,test
test\not-good\slice002_009.png,1,test
test\not-good\slice002_010.png,1,test
test\not-good\slice003_003.png,1,test
test\not-good\slice004_004.png,1,test
test\not-good\slice004_009.png,1,test
test\not-good\slice004_012.png,1,test
test\not-good\slice005_003.png,1,test
test\not-good\slice005_005.png,1,test
test\not-good\slice005_006.png,1,test
test\not-good\slice005_009.png,1,test
test\not-good\slice005_010.png,1,test
test\not-good\slice005_011.png,1,test
test\not-good\slice005_012.png,1,test
test\not-good\slice005_014.png,1,test
test\not-good\slice005_015.png,1,test
test\not-good\slice008_003.png,1,test
test\not-good\slice009_002.png,1,test
test\not-good\slice009_006.png,1,test
test\not-good\slice010_005.png,1,test
test\not-good\slice010_008.png,1,test
test\not-good\slice011_007.png,1,test
test\not-good\slice011_011.png,1,test
test\not-good\slice012_009.png,1,test
test\not-good\slice013_008.png,1,test
test\not-good\slice013_012.png,1,test
test\not-good\slice013_014.png,1,test
test\not-good\slice014_006.png,1,test
test\not-good\slice014_009.png,1,test
test\not-good\slice015_000.png,1,test
test\not-good\slice015_005.png,1,test
test\not-good\slice015_012.png,1,test
test\not-good\slice016_000.png,1,test
test\not-good\slice016_011.png,1,test
test\not-good\slice016_012.png,1,test
test\not-good\slice017_001.png,1,test
test\not-good\slice017_002.png,1,test
test\not-good\slice017_004.png,1,test
test\not-good\slice017_008.png,1,test
test\not-good\slice017_013.png,1,test
test\not-good\slice018_010.png,1,test
test\not-good\slice019_005.png,1,test
test\not-good\slice019_009.png,1,test
test\not-good\slice019_010.png,1,test
test\not-good\slice019_011.png,1,test
test\not-good\slice019_012.png,1,test
test\not-good\slice023_007.png,1,test
test\not-good\slice024_009.png,1,test
test\not-good\slice025_008.png,1,test
test\not-good\slice027_000.png,1,test
test\not-good\slice027_003.png,1,test
test\not-good\slice027_005.png,1,test
test\not-good\slice027_015.png,1,test
test\not-good\slice028_000.png,1,test
test\not-good\slice028_001.png,1,test
test\not-good\slice029_000.png,1,test
test\not-good\slice029_006.png,1,test
test\not-good\slice029_011.png,1,test
test\not-good\slice032_003.png,1,test
test\not-good\slice032_004.png,1,test
test\not-good\slice033_004.png,1,test
test\not-good\slice033_005.png,1,test
test\not-good\slice033_010.png,1,test
test\not-good\slice033_011.png,1,test
test\not-good\slice033_015.png,1,test
test\not-good\slice034_009.png,1,test
test\not-good\slice035_005.png,1,test
test\not-good\slice035_014.png,1,test
test\not-good\slice035_015.png,1,test
test\not-good\slice036_011.png,1,test
test\not-good\slice037_006.png,1,test
test\not-good\slice039_004.png,1,test
test\not-good\slice040_002.png,1,test
test\not-good\slice040_011.png,1,test
test\not-good\slice040_014.png,1,test
test\not-good\slice041_006.png,1,test
test\not-good\slice042_003.png,1,test
test\not-good\slice043_004.png,1,test
test\not-good\slice043_013.png,1,test
test\not-good\slice044_004.png,1,test
test\not-good\slice044_014.png,1,test
test\not-good\slice045_014.png,1,test
test\not-good\slice046_000.png,1,test
test\not-good\slice046_001.png,1,test
test\not-good\slice046_005.png,1,test
test\not-good\slice046_010.png,1,test
test\not-good\slice047_005.png,1,test
test\not-good\slice047_006.png,1,test
test\not-good\slice047_010.png,1,test
test\not-good\slice048_007.png,1,test
test\not-good\slice048_012.png,1,test
test\not-good\slice049_002.png,1,test
test\not-good\slice049_008.png,1,test
test\not-good\slice049_009.png,1,test
test\not-good\slice050_004.png,1,test
test\not-good\slice050_010.png,1,test
test\not-good\slice050_012.png,1,test
test\not-good\slice053_007.png,1,test
test\not-good\slice053_014.png,1,test
test\not-good\slice054_003.png,1,test
test\not-good\slice054_010.png,1,test
test\not-good\slice054_011.png,1,test
test\not-good\slice054_012.png,1,test
test\not-good\slice055_009.png,1,test
test\not-good\slice056_001.png,1,test
test\not-good\slice057_007.png,1,test
test\not-good\slice057_013.png,1,test
test\not-good\slice058_001.png,1,test
test\not-good\slice058_009.png,1,test
test\not-good\slice058_010.png,1,test
test\not-good\slice058_011.png,1,test
test\not-good\slice058_015.png,1,test
test\not-good\slice059_001.png,1,test
test\not-good\slice059_008.png,1,test
test\not-good\slice060_015.png,1,test
test\not-good\slice061_004.png,1,test
test\not-good\slice061_010.png,1,test
test\not-good\slice061_011.png,1,test
test\good\slice000_002.png,0,test
test\good\slice000_006.png,0,test
test\good\slice000_010.png,0,test
test\good\slice001_008.png,0,test
test\good\slice001_014.png,0,test
test\good\slice001_015.png,0,test
test\good\slice002_007.png,0,test
test\good\slice002_009.png,0,test
test\good\slice002_012.png,0,test
test\good\slice003_001.png,0,test
test\good\slice003_006.png,0,test
test\good\slice003_007.png,0,test
test\good\slice003_008.png,0,test
test\good\slice003_012.png,0,test
test\good\slice003_015.png,0,test
test\good\slice004_001.png,0,test
test\good\slice004_005.png,0,test
test\good\slice004_006.png,0,test
test\good\slice004_008.png,0,test
test\good\slice004_012.png,0,test
test\good\slice004_013.png,0,test
test\good\slice004_014.png,0,test
test\good\slice005_001.png,0,test
test\good\slice005_006.png,0,test
test\good\slice005_010.png,0,test
test\good\slice006_005.png,0,test
test\good\slice006_012.png,0,test
test\good\slice006_013.png,0,test
test\good\slice007_006.png,0,test
test\good\slice007_008.png,0,test
test\good\slice008_003.png,0,test
test\good\slice008_004.png,0,test
test\good\slice008_005.png,0,test
test\good\slice008_007.png,0,test
test\good\slice008_008.png,0,test
test\good\slice009_001.png,0,test
test\good\slice009_004.png,0,test
test\good\slice009_011.png,0,test
test\good\slice009_014.png,0,test
test\good\slice010_004.png,0,test
test\good\slice010_005.png,0,test
test\good\slice011_000.png,0,test
test\good\slice011_006.png,0,test
test\good\slice012_000.png,0,test
test\good\slice012_007.png,0,test
test\good\slice013_002.png,0,test
test\good\slice013_003.png,0,test
test\good\slice013_004.png,0,test
test\good\slice013_005.png,0,test
test\good\slice013_012.png,0,test
test\good\slice013_015.png,0,test
test\good\slice014_003.png,0,test
test\good\slice014_007.png,0,test
test\good\slice014_011.png,0,test
test\good\slice015_004.png,0,test
test\good\slice015_007.png,0,test
test\good\slice015_008.png,0,test
test\good\slice015_009.png,0,test
test\good\slice015_010.png,0,test
test\good\slice016_000.png,0,test
test\good\slice016_001.png,0,test
test\good\slice016_008.png,0,test
test\good\slice017_005.png,0,test
test\good\slice017_009.png,0,test
test\good\slice017_012.png,0,test
test\good\slice017_014.png,0,test
test\good\slice018_001.png,0,test
test\good\slice018_006.png,0,test
test\good\slice018_008.png,0,test
test\good\slice018_014.png,0,test
test\good\slice019_006.png,0,test
test\good\slice019_014.png,0,test
test\good\slice020_000.png,0,test
test\good\slice020_001.png,0,test
test\good\slice020_007.png,0,test
test\good\slice020_013.png,0,test
test\good\slice020_014.png,0,test
test\good\slice020_015.png,0,test
test\good\slice021_000.png,0,test
test\good\slice021_005.png,0,test
test\good\slice021_006.png,0,test
test\good\slice022_001.png,0,test
test\good\slice022_002.png,0,test
test\good\slice022_003.png,0,test
test\good\slice022_004.png,0,test
test\good\slice022_008.png,0,test
test\good\slice022_009.png,0,test
test\good\slice023_013.png,0,test
test\good\slice024_012.png,0,test
test\good\slice025_004.png,0,test
test\good\slice025_009.png,0,test
test\good\slice025_012.png,0,test
test\good\slice027_007.png,0,test
test\good\slice028_003.png,0,test
test\good\slice029_004.png,0,test
test\good\slice029_013.png,0,test
test\good\slice030_001.png,0,test
test\good\slice030_010.png,0,test
test\good\slice031_003.png,0,test
test\good\slice031_005.png,0,test
test\good\slice031_010.png,0,test
test\good\slice032_000.png,0,test
test\good\slice032_005.png,0,test
test\good\slice032_011.png,0,test
test\good\slice032_014.png,0,test
test\good\slice033_000.png,0,test
test\good\slice033_007.png,0,test
test\good\slice034_001.png,0,test
test\good\slice035_007.png,0,test
test\good\slice035_008.png,0,test
test\good\slice035_014.png,0,test
test\good\slice036_009.png,0,test
test\good\slice037_001.png,0,test
test\good\slice037_002.png,0,test
test\good\slice037_012.png,0,test
test\good\slice037_013.png,0,test
test\good\slice038_002.png,0,test
test\good\slice038_007.png,0,test
test\good\slice038_008.png,0,test
test\good\slice038_010.png,0,test
test\good\slice038_015.png,0,test
test\good\slice039_006.png,0,test
test\good\slice039_014.png,0,test
test\good\slice039_015.png,0,test
test\good\slice040_004.png,0,test
test\good\slice040_008.png,0,test
test\good\slice040_010.png,0,test
test\good\slice040_013.png,0,test
test\good\slice040_014.png,0,test
test\good\slice040_015.png,0,test
test\good\slice041_000.png,0,test
test\good\slice041_004.png,0,test
test\good\slice041_013.png,0,test
test\good\slice041_014.png,0,test
test\good\slice042_002.png,0,test
test\good\slice042_003.png,0,test
test\good\slice042_011.png,0,test
test\good\slice042_012.png,0,test
